,movie,year,time_minute,imdb_rating,metascore,vote,gross_earning
0,A Christmas Story,1983,93,7.9,77.0,151583,20.61
1,Triangle of Sadness,2022,147,7.7,63.0,27718,Null
2,All Quiet on the Western Front,2022,148,7.8,76.0,74549,Null
3,Top Gun: Maverick,2022,130,8.4,78.0,438268,Null
4,Everything Everywhere All at Once,2022,139,8.1,81.0,244709,Null
5,Knives Out,2019,130,7.9,82.0,626310,165.36
6,Kantara,2022,148,8.8,Null,74968,Null
7,Avatar,2009,162,7.8,83.0,1249068,760.51
8,Home Alone,1990,103,7.7,63.0,568560,285.76
9,The Godfather,1972,175,9.2,100.0,1848167,134.97
10,The Batman,2022,176,7.8,72.0,628173,Null
11,The Shawshank Redemption,1994,142,9.3,81.0,2667015,28.34
12,Harry Potter and the Sorcerer's Stone,2001,152,7.6,65.0,777690,317.58
13,Rogue One: A Star Wars Story,2016,133,7.8,65.0,636283,532.18
14,The Wolf of Wall Street,2013,180,8.2,75.0,1400481,116.9
15,Once Upon a Time in Hollywood,2019,161,7.6,83.0,732135,142.5
16,The Wizard of Oz,1939,102,8.1,92.0,400482,2.08
17,Pulp Fiction,1994,154,8.9,94.0,2041618,107.93
18,Dune,2021,155,8.0,74.0,627891,108.33
19,It's a Wonderful Life,1946,130,8.6,89.0,455260,Null
20,Spider-Man: No Way Home,2021,148,8.3,71.0,747406,804.75
21,Interstellar,2014,169,8.6,74.0,1814369,188.02
22,Sita Ramam,2022,163,8.6,Null,47675,Null
23,American Psycho,2000,102,7.6,64.0,616575,15.07
24,Fight Club,1999,139,8.8,66.0,2112480,37.03
25,Titanic,1997,194,7.9,75.0,1169028,659.33
26,Get Out,2017,104,7.7,85.0,607892,176.04
27,The Dark Knight,2008,152,9.0,84.0,2639924,534.86
28,Avengers: Endgame,2019,181,8.4,78.0,1121819,858.37
29,The Princess Bride,1987,98,8.0,77.0,428182,30.86
30,The Lord of the Rings: The Fellowship of the Ring,2001,178,8.8,92.0,1867635,315.54
31,Goodfellas,1990,145,8.7,90.0,1156067,46.84
32,Inception,2010,148,8.8,74.0,2339582,292.58
33,Blade Runner 2049,2017,164,8.0,81.0,570255,92.05
34,Whiplash,2014,106,8.5,89.0,854563,13.09
35,Forrest Gump,1994,142,8.8,82.0,2067416,330.25
36,Call Me by Your Name,2017,132,7.8,94.0,273494,18.1
37,Guardians of the Galaxy,2014,121,8.0,76.0,1175178,333.18
38,American Beauty,1999,122,8.4,84.0,1153085,130.1
39,Back to the Future,1985,116,8.5,87.0,1199962,210.61
40,Die Hard,1988,132,8.2,72.0,874870,83.01
41,Inglourious Basterds,2009,153,8.3,69.0,1441972,120.54
42,The Gentlemen,2019,113,7.8,51.0,338448,36.47
43,Joker,2019,122,8.4,59.0,1271688,335.45
44,Parasite,2019,132,8.5,96.0,794739,53.37
45,The Goonies,1985,114,7.7,62.0,275068,61.5
46,Gladiator,2000,155,8.5,67.0,1494524,187.71
47,The Godfather Part II,1974,202,9.0,90.0,1265701,57.3
48,Django Unchained,2012,165,8.4,81.0,1545620,162.81
49,Indiana Jones and the Raiders of the Lost Ark,1981,115,8.4,85.0,963646,248.16
50,The Green Mile,1999,189,8.6,61.0,1296037,136.8
51,Schindler's List,1993,195,9.0,94.0,1350352,96.9
52,Se7en,1995,127,8.6,65.0,1644113,100.13
53,Little Women,2019,135,7.8,91.0,205098,108.1
54,RRR,2022,187,8.0,83.0,116971,Null
55,The Departed,2006,151,8.5,85.0,1320522,132.38
56,The Grand Budapest Hotel,2014,99,8.1,88.0,807023,59.1
57,Taxi Driver,1976,114,8.2,94.0,829833,28.26
58,Léon: The Professional,1994,110,8.5,64.0,1157196,19.5
59,Prisoners,2013,153,8.1,70.0,709196,61.0
60,Tombstone,1993,130,7.8,50.0,150345,56.51
61,The Worst Person in the World,2021,128,7.8,90.0,66462,Null
62,Harry Potter and the Goblet of Fire,2005,157,7.7,81.0,625606,290.01
63,Mad Max: Fury Road,2015,120,8.1,90.0,999453,154.06
64,Requiem for a Dream,2000,102,8.3,68.0,840604,3.64
65,Alien,1979,117,8.5,89.0,880319,78.9
66,The Social Network,2010,120,7.8,95.0,702638,96.96
67,The Matrix,1999,136,8.7,73.0,1905415,171.48
68,The Nightmare Before Christmas,1993,76,7.9,82.0,340487,75.08
69,The Silence of the Lambs,1991,118,8.6,85.0,1426952,130.74
70,Saving Private Ryan,1998,169,8.6,91.0,1386129,216.54
71,Jurassic Park,1993,127,8.2,68.0,985969,402.45
72,Klaus,2019,96,8.1,65.0,150243,Null
73,Good Will Hunting,1997,126,8.3,70.0,964616,138.43
74,Guardians of the Galaxy Vol. 2,2017,136,7.6,67.0,679747,389.81
75,Harry Potter and the Prisoner of Azkaban,2004,142,7.9,82.0,633278,249.36
76,The Hateful Eight,2015,168,7.8,68.0,599579,54.12
77,Apocalypse Now,1979,147,8.5,94.0,666501,83.47
78,Pride & Prejudice,2005,129,7.8,82.0,297485,38.41
79,No Country for Old Men,2007,122,8.2,92.0,970167,74.28
80,Avengers: Infinity War,2018,149,8.4,68.0,1073617,678.82
81,The Prestige,2006,130,8.5,66.0,1328247,53.09
82,Star Wars: Episode IV - A New Hope,1977,121,8.6,90.0,1360371,322.74
83,Blade Runner,1982,117,8.1,84.0,768668,32.87
84,Drishyam,2015,163,8.2,Null,83912,0.74
85,Eternal Sunshine of the Spotless Mind,2004,108,8.3,89.0,1005344,34.4
86,Shutter Island,2010,138,8.2,63.0,1307444,128.01
87,1917,2019,119,8.2,78.0,585537,159.23
88,Ford v Ferrari,2019,152,8.1,81.0,392237,117.62
89,The Shining,1980,146,8.4,66.0,1019174,44.02
90,Harry Potter and the Deathly Hallows: Part 2,2011,130,8.1,85.0,872730,381.01
91,In Bruges,2008,107,7.9,67.0,427582,7.76
92,Mulholland Drive,2001,147,7.9,85.0,356672,7.22
93,Doctor Zhivago,1965,197,7.9,69.0,77429,111.72
94,Jojo Rabbit,2019,108,7.9,58.0,388430,33.37
95,Spider-Man: Into the Spider-Verse,2018,117,8.4,87.0,525152,190.24
96,Zootopia,2016,108,8.0,78.0,498822,341.27
97,Once Upon a Time in America,1984,229,8.3,75.0,352363,5.32
98,Iron Man,2008,126,7.9,79.0,1056632,318.41
99,Kingsman: The Secret Service,2014,129,7.7,60.0,667663,128.26
100,Aliens,1986,137,8.4,84.0,716779,85.16
101,300,2006,117,7.6,52.0,820679,210.61
102,Drive,2011,100,7.8,78.0,639837,35.06
103,The Lord of the Rings: The Return of the King,2003,201,9.0,94.0,1838462,377.85
104,Come and See,1985,142,8.4,Null,80417,Null
105,Deadpool,2016,108,8.0,65.0,1034717,363.07
106,CODA,2021,111,8.0,72.0,131538,Null
107,Deadpool 2,2018,119,7.7,66.0,581268,324.59
108,The Notebook,2004,123,7.8,53.0,573378,81.0
109,Heat,1995,170,8.3,76.0,653912,67.44
110,Ghostbusters,1984,105,7.8,71.0,416485,238.63
111,A Clockwork Orange,1971,136,8.3,77.0,828926,6.21
112,About Time,2013,123,7.8,55.0,351343,15.32
113,Gone Girl,2014,149,8.1,79.0,979594,167.77
114,Dunkirk,2017,106,7.8,94.0,656835,188.37
115,Miracle on 34th Street,1947,96,7.9,88.0,48299,2.65
116,The Irishman,2019,209,7.8,94.0,387563,7.0
117,The Truman Show,1998,103,8.2,90.0,1076844,125.62
118,Hacksaw Ridge,2016,139,8.1,71.0,524599,67.21
119,Zack Snyder's Justice League,2021,242,8.0,54.0,396884,Null
120,Green Book,2018,130,8.2,69.0,489476,85.08
121,Reservoir Dogs,1992,99,8.3,79.0,1015465,2.83
122,Arrival,2016,116,7.9,81.0,693399,100.55
123,Black Swan,2010,108,8.0,79.0,766791,106.95
124,All Quiet on the Western Front,1930,152,8.1,91.0,63103,3.27
125,12 Angry Men,1957,96,9.0,96.0,787632,4.36
126,Pirates of the Caribbean: The Curse of the Black Pearl,2003,143,8.1,63.0,1124801,305.41
127,The Last of the Mohicans,1992,112,7.7,76.0,171820,75.51
128,Thirteen Lives,2022,147,7.8,66.0,50562,Null
129,The Dark Knight Rises,2012,164,8.4,78.0,1698812,448.14
130,Rocky,1976,120,8.1,70.0,575711,117.24
131,Superbad,2007,113,7.6,76.0,581143,121.46
132,The Fifth Element,1997,126,7.6,52.0,474961,63.54
133,Full Metal Jacket,1987,116,8.3,76.0,742023,46.36
134,The Avengers,2012,143,8.0,69.0,1387894,623.28
135,The Lion King,1994,88,8.5,88.0,1054493,422.78
136,The Usual Suspects,1995,106,8.5,77.0,1082814,23.34
137,Snatch,2000,102,8.2,55.0,855060,30.33
138,The Exorcist,1973,122,8.1,81.0,408925,232.91
139,The Big Lebowski,1998,117,8.1,71.0,807820,17.5
140,Spirited Away,2001,125,8.6,96.0,760292,10.06
141,One Flew Over the Cuckoo's Nest,1975,133,8.7,84.0,1005515,112.0
142,North by Northwest,1959,136,8.3,98.0,328638,13.28
143,Harry Potter and the Deathly Hallows: Part 1,2010,146,7.7,65.0,548228,295.98
144,Braveheart,1995,178,8.4,68.0,1036199,75.6
145,The Hobbit: An Unexpected Journey,2012,169,7.8,58.0,828234,303.0
146,Ocean's Eleven,2001,116,7.7,74.0,575452,183.42
147,Dead Poets Society,1989,128,8.1,79.0,490624,95.86
148,Casino Royale,2006,144,8.0,80.0,657970,167.45
149,Kill Bill: Vol. 1,2003,111,8.2,69.0,1112641,70.1
150,Scarface,1983,170,8.3,65.0,838905,45.6
151,Oldboy,2003,120,8.4,77.0,578627,0.71
152,Bohemian Rhapsody,2018,134,7.9,49.0,537999,216.43
153,The Big Short,2015,130,7.8,81.0,431756,70.26
154,The Handmaiden,2016,145,8.1,84.0,147948,2.01
155,Donnie Darko,2001,113,8.0,88.0,801361,1.48
156,The Hangover,2009,100,7.7,73.0,785362,277.32
157,Captain Phillips,2013,134,7.8,82.0,462049,107.1
158,Memento,2000,113,8.4,80.0,1234785,25.54
159,Man on Fire,2004,146,7.7,47.0,364749,77.91
160,Sicario,2015,121,7.6,82.0,430265,46.89
161,The Blind Side,2009,129,7.6,53.0,333485,255.96
162,Blue Is the Warmest Colour,2013,180,7.7,90.0,153359,2.2
163,Terminator 2: Judgment Day,1991,137,8.6,75.0,1095708,204.84
164,Apocalypto,2006,139,7.8,68.0,314254,50.87
165,The Hunt,2012,115,8.3,77.0,330352,0.69
166,Catch Me If You Can,2002,141,8.1,75.0,978125,164.62
167,Thor: Ragnarok,2017,130,7.9,74.0,749958,315.06
168,The Others,2001,104,7.6,74.0,368654,96.52
169,The Lord of the Rings: The Two Towers,2002,179,8.8,87.0,1660091,342.55
170,Casino,1995,178,8.2,73.0,520097,42.44
171,City of God,2002,130,8.6,79.0,755563,7.56
172,Another Round,2020,117,7.7,79.0,158214,Null
173,Skyfall,2012,143,7.8,81.0,697437,304.36
174,La La Land,2016,128,8.0,94.0,586328,151.1
175,Inside Man,2006,129,7.6,76.0,374642,88.51
176,There Will Be Blood,2007,158,8.2,93.0,586423,40.22
177,Star Trek,2009,127,7.9,82.0,604422,257.73
178,Her,2013,126,8.0,91.0,612769,25.57
179,The Breakfast Club,1985,97,7.8,66.0,399558,45.88
180,Hidden Figures,2016,127,7.8,74.0,230932,169.61
181,The Martian,2015,144,8.0,80.0,852089,228.43
182,"The Good, the Bad and the Ugly",1966,178,8.8,90.0,759983,6.1
183,Office Space,1999,89,7.7,68.0,268568,10.82
184,Wind River,2017,107,7.7,73.0,252761,33.8
185,Primal Fear,1996,129,7.7,47.0,219425,56.12
186,"O Brother, Where Art Thou?",2000,107,7.7,69.0,313325,45.51
187,Kick-Ass,2010,117,7.6,66.0,564085,48.07
188,Almost Famous,2000,122,7.9,90.0,277468,32.53
189,Once Upon a Time in the West,1968,165,8.5,80.0,329545,5.32
190,Hamilton,2020,160,8.4,89.0,94604,Null
191,Life Is Beautiful,1997,116,8.6,59.0,693364,57.6
192,Ratatouille,2007,111,8.1,96.0,734795,206.45
193,Airplane!,1980,88,7.7,78.0,240723,83.4
194,Mr. Nobody,2009,141,7.8,63.0,234536,0.0
195,The Terminator,1984,107,8.1,84.0,863755,38.4
196,Edge of Tomorrow,2014,113,7.9,71.0,678297,100.21
197,The Revenant,2015,156,8.0,76.0,802360,183.64
198,2001: A Space Odyssey,1968,149,8.3,84.0,668092,56.95
199,Rio Bravo,1959,141,8.0,93.0,63296,12.54
200,Moonrise Kingdom,2012,94,7.8,84.0,351015,45.51
201,The Sound of Music,1965,172,8.1,63.0,235210,163.21
202,Sin City,2005,124,8.0,74.0,770029,74.1
203,Willy Wonka & the Chocolate Factory,1971,100,7.8,67.0,202951,4.0
204,V for Vendetta,2005,132,8.2,62.0,1120679,70.51
205,The Intouchables,2011,112,8.5,57.0,855369,13.18
206,Casablanca,1942,102,8.5,100.0,571222,1.02
207,The Pianist,2002,150,8.5,85.0,829360,32.57
208,American History X,1998,119,8.5,62.0,1119851,6.72
209,Stand by Me,1986,89,8.1,75.0,404353,52.29
210,The Godfather Part III,1990,162,7.6,60.0,397762,66.67
211,Star Wars: Episode VII - The Force Awakens,2015,138,7.8,80.0,929572,936.66
212,Watchmen,2009,162,7.6,56.0,552894,107.51
213,"Three Billboards Outside Ebbing, Missouri",2017,115,8.1,88.0,506213,54.51
214,Stardust,2007,127,7.6,66.0,273695,38.63
215,Logan,2017,137,8.1,77.0,761190,226.28
216,The Imitation Game,2014,114,8.0,71.0,768739,91.13
217,Gone with the Wind,1939,238,8.2,97.0,316214,198.68
218,Batman Begins,2005,140,8.2,70.0,1465995,206.85
219,Coco,2017,105,8.4,81.0,505396,209.73
220,Wonder,2017,113,7.9,66.0,165355,132.42
221,Jaws,1975,124,8.1,87.0,606196,260.0
222,Fantastic Mr. Fox,2009,87,7.9,83.0,233346,21.0
223,Amadeus,1984,160,8.4,88.0,401450,51.97
224,The Thing,1982,109,8.2,57.0,425763,13.78
225,The Father,2020,97,8.2,88.0,152956,Null
226,E.T. the Extra-Terrestrial,1982,115,7.9,91.0,410334,435.11
227,Halloween,1978,91,7.7,87.0,282309,47.0
228,Pan's Labyrinth,2006,118,8.2,98.0,669102,37.63
229,Boogie Nights,1997,155,7.9,85.0,266934,26.4
230,Moana,2016,107,7.6,81.0,336358,248.76
231,The Blues Brothers,1980,133,7.9,60.0,200865,57.23
232,The Help,2011,146,8.1,62.0,459816,169.71
233,Training Day,2001,122,7.7,69.0,437655,76.63
234,Y tu mamá también,2001,106,7.7,88.0,123792,13.62
235,Ex Machina,2014,108,7.7,78.0,545611,25.44
236,Philadelphia,1993,125,7.7,66.0,243383,77.32
237,Mission: Impossible - Fallout,2018,147,7.7,86.0,333215,220.16
238,Blue Velvet,1986,120,7.7,76.0,200620,8.55
239,The Sixth Sense,1999,107,8.2,64.0,990689,293.51
240,Edward Scissorhands,1990,105,7.9,74.0,492129,56.36
241,Atonement,2007,123,7.8,85.0,279660,50.93
242,Captain America: Civil War,2016,147,7.8,75.0,786048,408.08
243,500 Days of Summer,2009,95,7.7,76.0,516787,32.39
244,Toy Story,1995,81,8.3,95.0,991197,191.8
245,Fargo,1996,98,8.1,85.0,677881,24.61
246,True Romance,1993,119,7.9,59.0,228087,12.28
247,Dances with Wolves,1990,181,8.0,72.0,266425,184.21
248,Ferris Bueller's Day Off,1986,103,7.8,61.0,359694,70.14
249,The Perks of Being a Wallflower,2012,103,7.9,67.0,512549,17.74
250,Who Framed Roger Rabbit,1988,104,7.7,83.0,202685,156.45
251,Platoon,1986,120,8.1,92.0,415035,138.53
252,Groundhog Day,1993,101,8.1,72.0,631177,70.91
253,The Hobbit: The Desolation of Smaug,2013,161,7.8,66.0,664255,258.37
254,Trainspotting,1996,93,8.1,83.0,687096,16.5
255,Silver Linings Playbook,2012,122,7.7,81.0,710042,132.09
256,Hell or High Water,2016,102,7.6,88.0,232102,26.86
257,Inside Out,2015,95,8.2,94.0,711823,356.46
258,The Curious Case of Benjamin Button,2008,166,7.8,70.0,651212,127.51
259,Little Miss Sunshine,2006,101,7.8,80.0,482412,59.89
260,A Star Is Born,2018,136,7.6,88.0,384250,215.29
261,A Beautiful Mind,2001,135,8.2,72.0,931250,170.74
262,When Harry Met Sally...,1989,95,7.7,76.0,222055,92.82
263,12 Years a Slave,2013,134,8.1,96.0,700609,56.67
264,Children of Men,2006,109,7.9,84.0,501643,35.55
265,Nightcrawler,2014,117,7.8,76.0,546677,32.38
266,The Incredibles,2004,115,8.0,90.0,736215,261.44
267,Star Wars: Episode V - The Empire Strikes Back,1980,124,8.7,82.0,1287831,290.48
268,Some Like It Hot,1959,121,8.2,98.0,267980,25.0
269,Psycho,1960,109,8.5,97.0,671044,32.0
270,Predator,1987,107,7.8,47.0,424541,59.74
271,Indiana Jones and the Last Crusade,1989,127,8.2,65.0,753748,197.17
272,Shrek,2001,90,7.9,84.0,676657,267.67
273,WALL·E,2008,98,8.4,95.0,1112681,223.81
274,Into the Wild,2007,148,8.1,73.0,623486,18.35
275,The Manchurian Candidate,1962,126,7.9,94.0,76210,Null
276,Blazing Saddles,1974,93,7.7,73.0,140758,119.5
277,Moneyball,2011,133,7.6,87.0,424521,75.61
278,Minority Report,2002,145,7.6,80.0,552657,132.07
279,Lost in Translation,2003,102,7.7,90.0,455922,44.59
280,Your Name.,2016,106,8.4,79.0,267862,5.02
281,The Game,1997,129,7.7,61.0,397613,48.32
282,X-Men: First Class,2011,131,7.7,65.0,693638,146.41
283,Tangled,2010,100,7.7,71.0,454200,200.82
284,Brokeback Mountain,2005,134,7.7,87.0,358338,83.04
285,RoboCop,1987,102,7.6,70.0,260316,53.42
286,Beauty and the Beast,1991,84,8.0,95.0,455248,218.97
287,Black Hawk Down,2001,144,7.7,74.0,397877,108.64
288,Coraline,2009,100,7.7,80.0,231422,75.29
289,Saw,2004,103,7.6,46.0,423498,56.0
290,My Cousin Vinny,1992,120,7.6,68.0,126202,52.93
291,Unforgiven,1992,130,8.2,85.0,412682,101.16
292,Scent of a Woman,1992,156,8.0,59.0,297629,63.9
293,Goldfinger,1964,110,7.7,87.0,191826,51.08
294,Howl's Moving Castle,2004,119,8.2,80.0,395092,4.71
295,The Butterfly Effect,2004,113,7.6,30.0,490843,57.94
296,Aladdin,1992,90,8.0,86.0,420140,217.35
297,Manchester by the Sea,2016,137,7.8,96.0,283198,47.7
298,The Count of Monte Cristo,2002,131,7.7,61.0,139109,54.23
299,Marriage Story,2019,137,7.9,94.0,309191,2.0
300,The Girl with the Dragon Tattoo,2011,158,7.8,71.0,464454,102.52
301,Star Wars: Episode VI - Return of the Jedi,1983,131,8.3,58.0,1051144,309.13
302,Before Sunrise,1995,101,8.1,77.0,308749,5.54
303,3 Idiots,2009,170,8.4,67.0,400348,6.53
304,Zodiac,2007,157,7.7,78.0,541947,33.08
305,Deliverance,1972,109,7.7,80.0,110614,7.06
306,Spotlight,2015,129,8.1,93.0,470095,45.06
307,First Blood,1982,93,7.7,61.0,254145,47.21
308,The Bourne Identity,2002,119,7.9,68.0,547982,121.66
309,The Deer Hunter,1978,183,8.1,86.0,340107,48.98
310,Kill Bill: Vol. 2,2004,137,8.0,83.0,756025,66.21
311,The Muppet Christmas Carol,1992,85,7.7,64.0,59169,27.28
312,Despicable Me,2010,95,7.6,72.0,548242,251.51
313,Finding Nemo,2003,100,8.2,90.0,1041457,380.84
314,Remember the Titans,2000,113,7.8,48.0,216914,115.65
315,American Gangster,2007,157,7.8,76.0,427816,130.16
316,Soul,2020,100,8.0,83.0,328686,Null
317,This Is Spinal Tap,1984,82,7.9,92.0,140531,4.74
318,Star Wars: Episode III - Revenge of the Sith,2005,140,7.6,68.0,791055,380.26
319,Room,2015,118,8.1,86.0,420992,14.68
320,Memories of Murder,2003,132,8.1,82.0,184736,0.01
321,Back to the Future Part II,1989,108,7.8,57.0,533372,118.5
322,The Last Emperor,1987,163,7.7,76.0,104229,43.98
323,Drishyam 2,2021,152,8.4,Null,37466,Null
324,"Monsters, Inc.",2001,92,8.1,79.0,907259,289.92
325,Warrior,2011,140,8.2,71.0,472969,13.66
326,Fried Green Tomatoes,1991,130,7.7,64.0,75818,82.42
327,The Lives of Others,2006,137,8.4,89.0,389981,11.29
328,Amélie,2001,122,8.3,69.0,756377,33.23
329,"Lock, Stock and Two Smoking Barrels",1998,107,8.2,66.0,582463,3.9
330,The Sandlot,1993,101,7.8,55.0,93414,32.42
331,District 9,2009,112,7.9,81.0,682696,115.65
332,Cast Away,2000,143,7.8,73.0,592275,233.63
333,Argo,2012,120,7.7,86.0,615361,136.03
334,Portrait of a Lady on Fire,2019,122,8.1,95.0,92153,3.76
335,Taken,2008,90,7.8,51.0,603856,145.0
336,Hot Fuzz,2007,121,7.8,81.0,506654,23.64
337,Birdman or (The Unexpected Virtue of Ignorance),2014,119,7.7,87.0,630259,42.34
338,Incendies,2010,131,8.3,80.0,178272,6.86
339,The Machinist,2004,101,7.7,61.0,391719,1.08
340,JFK,1991,189,8.0,72.0,157234,70.41
341,Young Frankenstein,1974,106,8.0,80.0,159621,86.3
342,Rush,2013,123,8.1,74.0,480252,26.95
343,The Boy in the Striped Pajamas,2008,94,7.7,55.0,220217,9.03
344,Misery,1990,107,7.8,75.0,213721,61.28
345,What We Do in the Shadows,2014,86,7.6,76.0,185302,3.33
346,Cat on a Hot Tin Roof,1958,108,7.9,84.0,50142,17.57
347,Up,2009,96,8.3,88.0,1041161,293.0
348,Captain America: The Winter Soldier,2014,136,7.8,70.0,844460,259.77
349,Shaun of the Dead,2004,99,7.9,76.0,559438,13.54
350,Planet of the Apes,1968,112,8.0,79.0,181178,33.4
351,Big Fish,2003,125,8.0,58.0,442297,66.26
352,L.A. Confidential,1997,138,8.2,90.0,583309,64.62
353,Capernaum,2018,126,8.4,75.0,89999,1.66
354,The Lego Movie,2014,100,7.7,83.0,356628,257.76
355,Mary Poppins,1964,139,7.8,88.0,173799,102.27
356,How to Train Your Dragon,2010,98,8.1,75.0,739240,217.58
357,The Sting,1973,129,8.3,83.0,262925,159.6
358,To Have and Have Not,1944,100,7.8,90.0,35304,Null
359,Crash,2004,112,7.8,66.0,437431,54.58
360,Lawrence of Arabia,1962,218,8.3,100.0,294429,44.82
361,Mystic River,2003,138,7.9,84.0,457403,90.14
362,Downfall,2004,156,8.2,82.0,356457,5.51
363,Grave of the Fireflies,1988,89,8.5,94.0,277254,Null
364,A Few Good Men,1992,138,7.7,62.0,265719,141.34
365,The Royal Tenenbaums,2001,110,7.6,76.0,293940,52.36
366,Midnight in Paris,2011,94,7.7,81.0,425227,56.82
367,What's Eating Gilbert Grape,1993,118,7.7,73.0,238724,9.17
368,Captain Fantastic,2016,118,7.8,72.0,219969,5.88
369,Raging Bull,1980,129,8.2,89.0,354750,23.38
370,The Fighter,2010,116,7.8,79.0,369193,93.62
371,Let the Right One In,2008,114,7.9,82.0,218642,2.12
372,X-Men: Days of Future Past,2014,132,7.9,75.0,713115,233.92
373,Chinatown,1974,130,8.2,92.0,327403,8.49
374,Apollo 13,1995,140,7.7,77.0,296478,173.84
375,Kung Fu Panda,2008,92,7.6,74.0,470689,215.43
376,Cool Hand Luke,1967,127,8.1,92.0,178119,16.22
377,Slumdog Millionaire,2008,120,8.0,84.0,845416,141.32
378,The Untouchables,1987,119,7.9,79.0,311046,76.27
379,Bridge of Spies,2015,142,7.6,81.0,312168,72.31
380,Road to Perdition,2002,117,7.7,72.0,269411,104.45
381,A Bronx Tale,1993,121,7.8,80.0,143299,17.27
382,The Graduate,1967,106,8.0,83.0,274261,104.95
383,Monty Python and the Holy Grail,1975,91,8.2,91.0,541887,1.23
384,Dr. Strangelove or: How I Learned to Stop Worrying and Love the Bomb,1964,95,8.4,97.0,491199,0.28
385,Barry Lyndon,1975,185,8.1,89.0,168828,Null
386,Serenity,2005,119,7.8,74.0,297073,25.51
387,Dallas Buyers Club,2013,117,7.9,77.0,489199,27.3
388,12 Monkeys,1995,129,8.0,74.0,618684,57.14
389,In the Mood for Love,2000,98,8.1,85.0,150670,2.73
390,Perfect Blue,1997,81,8.0,67.0,77702,0.78
391,Gravity,2013,91,7.7,96.0,825811,274.09
392,The Pursuit of Happyness,2006,117,8.0,64.0,512386,163.57
393,Close Encounters of the Third Kind,1977,138,7.6,90.0,203217,132.09
394,Rain Man,1988,133,8.0,65.0,515040,178.8
395,Magnolia,1999,188,8.0,77.0,313711,22.46
396,Gattaca,1997,106,7.8,64.0,305803,12.34
397,Gaslight,1944,114,7.8,78.0,29938,Null
398,The Shop Around the Corner,1940,99,8.0,96.0,33786,0.2
399,Princess Mononoke,1997,134,8.4,76.0,394525,2.38
400,Naked,1993,131,7.7,85.0,40161,1.77
401,The Fugitive,1993,130,7.8,87.0,296552,183.88
402,3:10 to Yuma,2007,122,7.7,76.0,313080,53.61
403,The Fault in Our Stars,2014,126,7.7,69.0,378120,124.87
404,Moon,2009,97,7.8,67.0,360302,5.01
405,Sense and Sensibility,1995,136,7.7,84.0,117176,43.18
406,Mulan,1998,88,7.6,71.0,289207,120.62
407,True Grit,2010,110,7.6,80.0,340398,171.24
408,Rosemary's Baby,1968,137,8.0,96.0,218312,Null
409,Toy Story 4,2019,100,7.7,84.0,251018,434.04
410,The Last Samurai,2003,154,7.8,55.0,442191,111.11
411,Dirty Harry,1971,102,7.7,87.0,157887,35.9
412,Seven Samurai,1954,207,8.6,98.0,345964,0.27
413,Clerks,1994,92,7.7,70.0,224091,3.15
414,Life of Pi,2012,127,7.9,79.0,630723,124.99
415,The Man from Earth,2007,87,7.9,Null,188649,Null
416,The Theory of Everything,2014,123,7.7,71.0,452145,35.89
417,Paddington 2,2017,103,7.8,88.0,79668,40.44
418,After Hours,1985,97,7.6,90.0,70525,10.6
419,The Mitchells vs the Machines,2021,114,7.6,81.0,108807,Null
420,To Kill a Mockingbird,1962,129,8.3,88.0,317287,Null
421,Million Dollar Baby,2004,132,8.1,86.0,687377,100.49
422,Sound of Metal,2019,120,7.7,82.0,128393,Null
423,Blood Diamond,2006,143,8.0,64.0,550577,57.37
424,The Fly,1986,96,7.6,79.0,184659,40.46
425,Brazil,1985,132,7.9,84.0,201775,9.93
426,The Boondock Saints,1999,108,7.7,44.0,240302,0.03
427,The Boat,1981,149,8.4,86.0,251628,11.49
428,Wreck-It Ralph,2012,101,7.7,72.0,423823,189.42
429,Citizen Kane,1941,119,8.3,100.0,442467,1.59
430,The Elephant Man,1980,124,8.2,78.0,242078,Null
431,Gran Torino,2008,116,8.1,72.0,775564,148.1
432,La haine,1995,98,8.1,Null,174589,0.31
433,The Color Purple,1985,154,7.7,78.0,87830,98.47
434,As Good as It Gets,1997,139,7.7,67.0,300132,148.48
435,Eastern Promises,2007,100,7.6,82.0,244709,17.11
436,The Apartment,1960,125,8.3,94.0,182232,18.6
437,Big Hero 6,2014,102,7.8,74.0,462222,222.53
438,Lethal Weapon,1987,109,7.6,68.0,260140,65.21
439,The King's Speech,2010,118,8.0,88.0,681161,138.8
440,Star Trek Into Darkness,2013,132,7.7,72.0,484461,228.78
441,Toy Story 3,2010,103,8.3,92.0,834718,415.0
442,Donnie Brasco,1997,127,7.7,76.0,309819,41.91
443,Die Hard with a Vengeance,1995,128,7.6,58.0,388479,100.01
444,Vertigo,1958,128,8.3,100.0,402734,3.2
445,The Naked Gun: From the Files of Police Squad!,1988,85,7.6,76.0,171101,78.76
446,Cinema Paradiso,1988,155,8.5,80.0,261358,11.99
447,My Neighbor Totoro,1988,86,8.1,86.0,339507,1.11
448,Walk the Line,2005,136,7.8,72.0,252353,119.52
449,"Blood In, Blood Out",1993,180,7.9,47.0,31784,4.5
450,The Great Escape,1963,172,8.2,86.0,245263,12.1
451,The Skin I Live In,2011,120,7.6,70.0,154065,3.19
452,Hachi: A Dog's Tale,2009,93,8.1,Null,285672,Null
453,Rear Window,1954,112,8.5,100.0,491591,36.76
454,The Thin Red Line,1998,170,7.6,78.0,188876,36.4
455,Empire of the Sun,1987,153,7.7,62.0,126757,22.24
456,Isle of Dogs,2018,101,7.8,82.0,169777,32.02
457,Chungking Express,1994,102,8.0,78.0,82921,0.6
458,Singin' in the Rain,1952,103,8.3,99.0,243034,8.82
459,Dogville,2003,178,8.0,60.0,149816,1.53
460,Wild Tales,2014,122,8.1,77.0,199100,3.11
461,Metropolis,1927,153,8.3,98.0,175027,1.24
462,K.G.F: Chapter 2,2022,168,8.4,Null,132077,Null
463,The Wrestler,2008,109,7.9,80.0,307253,26.24
464,The Invisible Guest,2016,106,8.0,Null,176479,Null
465,I Saw the Devil,2010,144,7.8,67.0,131710,0.13
466,Dark City,1998,100,7.6,66.0,201188,14.38
467,Being John Malkovich,1999,113,7.8,90.0,336916,22.86
468,The Bourne Supremacy,2004,108,7.7,73.0,464950,176.24
469,The Secret in Their Eyes,2009,129,8.2,80.0,210414,6.39
470,Run Lola Run,1998,80,7.7,77.0,199845,7.27
471,Midnight Cowboy,1969,113,7.8,79.0,111877,44.79
472,Stalker,1979,162,8.1,Null,134916,0.23
473,Malcolm X,1992,202,7.7,73.0,95523,48.17
474,Toy Story 2,1999,92,7.9,88.0,581332,245.85
475,Lion,2016,118,8.0,69.0,237162,51.74
476,Tumbbad,2018,104,8.2,Null,49453,Null
477,A Man Called Ove,2015,116,7.7,70.0,56314,3.36
478,Akira,1988,124,8.0,67.0,187510,0.55
479,Straight Outta Compton,2015,147,7.8,72.0,203292,161.2
480,The Iron Giant,1999,86,8.1,85.0,198905,23.16
481,The Dirty Dozen,1967,150,7.7,73.0,74357,45.3
482,Life of Brian,1979,94,8.0,77.0,400457,20.05
483,The Road Warrior,1981,96,7.6,77.0,181994,12.47
484,"Crouching Tiger, Hidden Dragon",2000,120,7.9,94.0,270279,128.08
485,Star Trek II: The Wrath of Khan,1982,113,7.7,68.0,122558,78.91
486,"Paris, Texas",1984,145,8.1,80.0,107136,2.18
487,Gone Baby Gone,2007,114,7.6,72.0,273414,20.3
488,Glengarry Glen Ross,1992,100,7.7,82.0,106558,10.73
489,Awakenings,1990,121,7.8,74.0,142892,52.1
490,The Ten Commandments,1956,220,7.9,Null,71571,93.74
491,The Trial of the Chicago 7,2020,129,7.7,76.0,177769,Null
492,Billy Elliot,2000,110,7.7,74.0,135779,22.0
493,End of Watch,2012,109,7.6,68.0,250094,41.0
494,Butch Cassidy and the Sundance Kid,1969,110,8.0,66.0,216834,102.31
495,Traffic,2000,147,7.6,86.0,208413,124.12
496,Roma,2018,135,7.7,96.0,158997,Null
497,Boyz n the Hood,1991,112,7.8,76.0,141911,57.5
498,25th Hour,2002,135,7.6,68.0,179696,13.06
499,Carlito's Way,1993,144,7.9,65.0,219585,36.95
500,Hunt for the Wilderpeople,2016,101,7.8,81.0,131459,5.2
501,Boyhood,2014,165,7.9,100.0,355254,25.38
502,Annie Hall,1977,93,8.0,92.0,266481,39.2
503,Dog Day Afternoon,1975,125,8.0,86.0,258117,50.0
504,The Searchers,1956,119,7.9,94.0,90182,Null
505,Bonnie and Clyde,1967,111,7.7,86.0,113976,Null
506,Freaks,1932,64,7.8,80.0,47106,0.63
507,Before Sunset,2004,80,8.1,90.0,264904,5.82
508,A Fistful of Dollars,1964,99,7.9,65.0,218443,14.5
509,The Holy Mountain,1973,114,7.8,76.0,43727,0.06
510,Flipped,2010,90,7.7,45.0,90826,1.75
511,The Bourne Ultimatum,2007,115,8.0,85.0,635650,227.47
512,What Ever Happened to Baby Jane?,1962,134,8.0,75.0,57207,4.05
513,Double Indemnity,1944,107,8.3,95.0,158070,5.72
514,The Girl with the Dragon Tattoo,2009,152,7.8,76.0,217531,10.1
515,Solaris,1972,167,8.0,90.0,92036,Null
516,Match Point,2005,124,7.6,72.0,219246,23.09
517,Sling Blade,1996,135,8.0,84.0,94598,24.48
518,The Magnificent Seven,1960,128,7.7,74.0,95733,4.91
519,This Is England,2006,101,7.7,86.0,123105,0.33
520,All the President's Men,1976,138,7.9,84.0,116700,70.6
521,Sunset Blvd.,1950,110,8.4,Null,222504,Null
522,Ben-Hur,1959,212,8.1,90.0,239995,74.7
523,The Longest Day,1962,178,7.7,75.0,56437,39.1
524,Charade,1963,113,7.9,83.0,78560,13.47
525,Network,1976,121,8.1,83.0,160402,Null
526,Searching,2018,102,7.6,71.0,163688,26.02
527,Adaptation.,2002,115,7.7,83.0,193779,22.25
528,Night of the Living Dead,1968,96,7.8,89.0,130443,0.09
529,I Am Sam,2001,132,7.6,28.0,150841,40.31
530,Rushmore,1998,93,7.6,86.0,186656,17.11
531,Dark Waters,2019,126,7.6,73.0,89403,Null
532,The French Connection,1971,104,7.7,94.0,123902,15.63
533,Baahubali: The Beginning,2015,159,8.0,Null,125858,6.74
534,Spartacus,1960,197,7.9,87.0,135775,30.0
535,The Jungle Book,1967,78,7.6,65.0,184257,141.84
536,The Birds,1963,119,7.6,90.0,190658,11.4
537,The Last Picture Show,1971,118,8.0,93.0,48884,29.13
538,Snow White and the Seven Dwarfs,1937,83,7.6,95.0,200675,184.93
539,Ikiru,1952,143,8.3,91.0,79103,0.06
540,777 Charlie,2022,164,8.9,Null,30820,Null
541,The Fall,2006,117,7.8,64.0,112947,2.28
542,Kung Fu Hustle,2004,99,7.7,78.0,140887,17.11
543,Do the Right Thing,1989,120,7.9,93.0,103044,27.55
544,Harold and Maude,1971,91,7.9,62.0,78050,Null
545,The Bridge on the River Kwai,1957,161,8.2,87.0,221554,44.91
546,Kaithi,2019,145,8.5,Null,32607,Null
547,Nosferatu,1922,94,7.9,Null,98501,Null
548,The World's Fastest Indian,2005,127,7.8,68.0,55482,5.13
549,The Seventh Seal,1957,96,8.1,88.0,185977,Null
550,Rocketry: The Nambi Effect,2022,157,8.8,Null,49876,Null
551,Vikram,2022,175,8.4,Null,57556,Null
552,The Great Beauty,2013,141,7.7,86.0,91581,2.85
553,For a Few Dollars More,1965,132,8.2,74.0,257429,15.0
554,Evil Dead II,1987,84,7.7,72.0,166243,5.92
555,Changeling,2008,141,7.8,63.0,256579,35.74
556,How to Train Your Dragon 2,2014,102,7.8,77.0,336798,177.0
557,Amores perros,2000,154,8.1,83.0,241252,5.38
558,Gandhi,1982,191,8.1,79.0,232404,52.77
559,Enter the Dragon,1973,102,7.6,83.0,105425,25.0
560,Ordinary People,1980,124,7.7,86.0,52879,54.8
561,Seven Pounds,2008,123,7.6,36.0,304033,69.95
562,Glory,1989,122,7.8,78.0,136009,26.83
563,Touch of Evil,1958,95,8.0,99.0,105252,2.24
564,A Silent Voice: The Movie,2016,130,8.1,78.0,82368,Null
565,A Separation,2011,123,8.3,95.0,245677,7.1
566,The Wild Bunch,1969,135,7.9,97.0,85332,12.06
567,Fiddler on the Roof,1971,181,8.0,67.0,44017,80.5
568,Dawn of the Planet of the Apes,2014,130,7.6,79.0,442861,208.55
569,Ran,1985,162,8.2,96.0,126315,4.14
570,Lord of War,2005,122,7.6,62.0,318871,24.15
571,Detachment,2011,98,7.7,52.0,87000,0.07
572,Serpico,1973,130,7.7,81.0,124256,29.8
573,Ghost in the Shell,1995,83,7.9,76.0,144048,0.52
574,The Name of the Rose,1986,130,7.7,54.0,109628,7.15
575,Lucky Number Slevin,2006,110,7.7,53.0,314496,22.49
576,The Raid: Redemption,2011,101,7.6,73.0,205759,4.11
577,In the Name of the Father,1993,133,8.1,84.0,175917,25.01
578,A Very Long Engagement,2004,133,7.6,76.0,74185,6.17
579,The Verdict,1982,129,7.7,77.0,41069,54.0
580,Dawn of the Dead,1978,127,7.8,71.0,122081,5.1
581,Ed Wood,1994,127,7.8,70.0,177308,5.89
582,The Conversation,1974,113,7.8,87.0,112931,4.42
583,The Maltese Falcon,1941,100,8.0,97.0,159424,2.11
584,Paths of Glory,1957,88,8.4,90.0,197962,Null
585,My Fair Lady,1964,170,7.8,95.0,96213,72.0
586,The King of Comedy,1982,109,7.8,73.0,104961,2.5
587,The Outlaw Josey Wales,1976,135,7.8,69.0,74601,31.8
588,Before Midnight,2013,109,7.9,94.0,159253,8.11
589,21 Grams,2003,124,7.6,70.0,238086,16.29
590,K.G.F: Chapter 1,2018,156,8.2,Null,86964,Null
591,Demon Slayer the Movie: Mugen Train,2020,117,8.2,72.0,58187,47.7
592,Harakiri,1962,133,8.6,85.0,57455,Null
593,A Streetcar Named Desire,1951,122,7.9,97.0,109016,8.0
594,Drishyam,2013,160,8.3,Null,41817,Null
595,Paper Moon,1973,102,8.1,77.0,48273,30.93
596,Papillon,1973,151,8.0,58.0,131439,53.27
597,M,1931,99,8.3,Null,158663,0.03
598,Hero,2002,120,7.9,85.0,182138,53.71
599,Ponyo,2008,101,7.6,86.0,145023,15.09
600,The Best Offer,2013,131,7.8,49.0,120196,0.09
601,Cabaret,1972,124,7.8,80.0,55710,42.77
602,The Best Years of Our Lives,1946,170,8.1,93.0,65159,23.65
603,Pride,2014,119,7.8,79.0,57965,Null
604,The Insider,1999,157,7.8,84.0,172199,28.97
605,Togo,2019,113,7.9,69.0,49487,Null
606,Being There,1979,130,8.0,83.0,73299,30.18
607,The Bridges of Madison County,1995,135,7.6,69.0,82625,71.52
608,Paprika,2006,90,7.7,81.0,84348,0.88
609,Mississippi Burning,1988,128,7.8,65.0,101735,34.6
610,Ip Man,2008,106,8.0,59.0,224687,Null
611,Kiki's Delivery Service,1989,103,7.8,83.0,145699,Null
612,Rebel Without a Cause,1955,111,7.6,89.0,91746,Null
613,On the Waterfront,1954,108,8.1,91.0,155916,9.6
614,The Last King of Scotland,2006,123,7.6,74.0,187393,17.61
615,The Remains of the Day,1993,134,7.8,86.0,75300,22.95
616,Hotel Rwanda,2004,121,8.1,79.0,356387,23.53
617,Shoplifters,2018,121,7.9,93.0,77253,3.31
618,Cinderella Man,2005,144,8.0,69.0,188937,61.65
619,The Great Dictator,1940,125,8.4,Null,224470,0.29
620,50/50,2011,100,7.6,72.0,331522,35.01
621,8½,1963,138,8.0,91.0,118648,0.05
622,You Can't Take It with You,1938,126,7.8,Null,26163,4.66
623,Rebecca,1940,130,8.1,86.0,137994,4.36
624,Persona,1966,83,8.1,86.0,119497,Null
625,The Right Stuff,1983,193,7.8,91.0,62013,21.5
626,Me and Earl and the Dying Girl,2015,105,7.7,74.0,132677,6.74
627,A Wednesday,2008,104,8.1,Null,79038,Null
628,In the Heat of the Night,1967,110,7.9,75.0,77075,24.38
629,Belle de Jour,1967,100,7.7,Null,45355,0.03
630,Finding Neverland,2004,106,7.7,67.0,207195,51.68
631,October Sky,1999,108,7.8,71.0,91967,32.48
632,High Noon,1952,85,8.0,89.0,105040,9.45
633,Barton Fink,1991,116,7.6,69.0,122791,6.15
634,The Third Man,1949,93,8.1,97.0,172436,0.45
635,Sing Street,2016,106,7.9,79.0,94406,3.24
636,From Here to Eternity,1953,118,7.6,85.0,47550,30.5
637,Kramer vs. Kramer,1979,105,7.8,77.0,146236,106.26
638,Wings of Desire,1987,128,8.0,79.0,71744,3.33
639,Miller's Crossing,1990,115,7.7,66.0,136181,5.08
640,Roman Holiday,1953,118,8.0,78.0,139360,Null
641,Witness for the Prosecution,1957,116,8.4,76.0,126039,8.18
642,Baahubali 2: The Conclusion,2017,167,8.2,Null,102203,20.19
643,The Killing Fields,1984,141,7.8,76.0,56055,34.7
644,Dial M for Murder,1954,105,8.2,75.0,176760,0.01
645,Patton,1970,172,7.9,91.0,102857,61.7
646,Mother,2009,129,7.8,79.0,65114,0.55
647,Jai Bhim,2021,164,8.9,Null,201605,Null
648,All About Eve,1950,138,8.2,98.0,132000,0.01
649,Red River,1948,133,7.8,Null,31707,Null
650,Nausicaä of the Valley of the Wind,1984,117,8.0,86.0,170064,0.5
651,Dancer in the Dark,2000,140,7.9,61.0,110749,4.18
652,Days of Heaven,1978,94,7.8,93.0,58803,Null
653,Mommy,2014,139,8.0,74.0,57582,3.49
654,Wolfwalkers,2020,103,8.0,87.0,32764,Null
655,Guess Who's Coming to Dinner,1967,108,7.8,63.0,45826,56.7
656,Happiness,1998,134,7.7,81.0,70887,2.81
657,Castle in the Sky,1986,125,8.0,78.0,167373,Null
658,Sabrina,1954,113,7.6,72.0,65800,Null
659,Infernal Affairs,2002,101,8.0,75.0,125411,0.17
660,All That Jazz,1979,123,7.8,72.0,32445,37.82
661,The Celebration,1998,105,8.1,82.0,87697,1.65
662,Three Colors: Blue,1993,94,7.9,85.0,102957,1.32
663,King Kong,1933,100,7.9,90.0,86237,10.0
664,Fanny and Alexander,1982,188,8.1,100.0,64129,4.97
665,Beasts of No Nation,2015,137,7.7,79.0,82061,0.08
666,Mirror,1975,107,8.0,80.0,47366,0.18
667,Hannah and Her Sisters,1986,107,7.9,90.0,72173,40.08
668,Judgment at Nuremberg,1961,179,8.3,60.0,78211,Null
669,La dolce vita,1960,174,8.0,95.0,73837,19.52
670,Batman: Mask of the Phantasm,1993,76,7.8,65.0,51833,5.62
671,"Spring, Summer, Fall, Winter... and Spring",2003,103,8.0,85.0,83494,2.38
672,Badlands,1973,94,7.7,93.0,73700,Null
673,Fantasia,1940,125,7.7,96.0,97386,76.41
674,Amour,2012,127,7.9,94.0,101084,6.74
675,Frankenstein,1931,70,7.8,91.0,73999,Null
676,Breaking the Waves,1996,159,7.8,76.0,67674,4.04
677,Open Your Eyes,1997,119,7.7,Null,69858,0.37
678,Kubo and the Two Strings,2016,101,7.7,84.0,130042,48.02
679,Laura,1944,88,7.9,Null,47988,4.36
680,The Hustler,1961,134,8.0,90.0,82601,8.28
681,The Philadelphia Story,1940,112,7.9,96.0,69882,Null
682,It Happened One Night,1934,105,8.1,87.0,104694,4.36
683,My Left Foot,1989,103,7.9,97.0,75023,14.74
684,Rashomon,1950,88,8.2,98.0,169313,0.1
685,Dragon Ball Super: Broly,2018,100,7.7,59.0,28225,30.71
686,Rope,1948,80,7.9,73.0,144641,Null
687,Pink Floyd: The Wall,1982,95,8.0,47.0,81648,22.24
688,Neon Genesis Evangelion: The End of Evangelion,1997,87,8.0,Null,55570,Null
689,Arsenic and Old Lace,1944,118,7.9,Null,71522,Null
690,The Thin Man,1934,91,7.9,86.0,30260,Null
691,The Man Who Shot Liberty Valance,1962,123,8.1,94.0,76734,Null
692,Ray,2004,152,7.7,73.0,148949,75.33
693,The Wind Rises,2013,126,7.7,83.0,86837,5.21
694,The Legend of 1900,1998,169,8.0,58.0,64933,0.26
695,Andhadhun,2018,139,8.2,Null,93963,1.37
696,"I, Daniel Blake",2016,100,7.8,78.0,60624,0.26
697,Nebraska,2013,115,7.7,86.0,118918,17.65
698,The Cabinet of Dr. Caligari,1920,67,8.0,Null,64701,Null
699,PK,2014,153,8.1,Null,188771,10.62
700,The Quiet Man,1952,129,7.7,85.0,39251,10.55
701,The Artist,2011,100,7.9,89.0,242082,44.67
702,Once,2007,86,7.8,89.0,117169,9.44
703,Letters from Iwo Jima,2006,141,7.9,89.0,163633,13.76
704,The Grapes of Wrath,1940,129,8.1,96.0,93878,0.06
705,Out of the Past,1947,97,8.0,85.0,37893,Null
706,Gangs of Wasseypur,2012,321,8.2,89.0,96850,Null
707,Breathless,1960,90,7.7,Null,82595,0.34
708,Mary and Max,2009,92,8.1,Null,177895,Null
709,Modern Times,1936,87,8.5,96.0,242878,0.16
710,Black Book,2006,145,7.7,71.0,77402,4.4
711,Joyeux Noel,2005,116,7.7,70.0,30032,1.05
712,Manhattan,1979,96,7.9,83.0,141020,45.7
713,Three Colors: Red,1994,99,8.1,100.0,103901,4.04
714,Stagecoach,1939,96,7.8,93.0,49667,Null
715,Hamlet,1996,242,7.8,Null,38488,4.41
716,The Raid 2,2014,150,7.9,71.0,124096,2.63
717,Who's Afraid of Virginia Woolf?,1966,131,8.0,75.0,75944,Null
718,Mr. Smith Goes to Washington,1939,129,8.1,73.0,116290,9.6
719,Strangers on a Train,1951,101,7.9,88.0,134713,7.63
720,"South Park: Bigger, Longer & Uncut",1999,81,7.7,73.0,205746,52.04
721,The Night of the Hunter,1955,92,8.0,99.0,90192,0.65
722,The Lion in Winter,1968,134,7.9,Null,31868,22.28
723,United 93,2006,111,7.6,90.0,107106,31.57
724,Loving Vincent,2017,94,7.8,62.0,58568,6.74
725,Control,2007,122,7.6,78.0,65868,0.87
726,The Big Sleep,1946,114,7.9,86.0,86347,6.54
727,Perfect Strangers,2016,96,7.7,Null,65963,Null
728,Invasion of the Body Snatchers,1956,80,7.7,92.0,50786,Null
729,Notorious,1946,102,7.9,100.0,101864,10.46
730,The Vanishing,1988,107,7.7,Null,39741,Null
731,Bicycle Thieves,1948,89,8.3,Null,164206,0.33
732,Dangal,2016,161,8.3,Null,191649,12.39
733,Good Bye Lenin!,2003,121,7.7,68.0,146992,4.06
734,The White Ribbon,2009,144,7.8,82.0,74186,2.22
735,Whisper of the Heart,1995,111,7.9,75.0,63444,Null
736,The 400 Blows,1959,99,8.1,Null,118736,Null
737,The African Queen,1951,105,7.7,91.0,79384,0.54
738,All About My Mother,1999,101,7.8,87.0,97626,8.26
739,City Lights,1931,87,8.5,99.0,185223,0.02
740,The Man from Nowhere,2010,119,7.7,Null,70329,0.01
741,Talk to Her,2002,112,7.9,86.0,113135,9.28
742,Zulu,1964,138,7.7,77.0,39684,Null
743,The Day the Earth Stood Still,1951,92,7.8,Null,82482,Null
744,Lilya 4-Ever,2002,109,7.8,82.0,46178,0.18
745,The Chaser,2008,125,7.8,64.0,67154,Null
746,The Killing,1956,84,8.0,91.0,90609,Null
747,Short Cuts,1993,188,7.7,79.0,45338,6.11
748,Miracle in Cell No. 7,2019,132,8.2,Null,49311,Null
749,Fantastic Planet,1973,72,7.7,73.0,32082,0.19
750,Zindagi Na Milegi Dobara,2011,155,8.2,Null,79101,3.11
751,Short Term 12,2013,96,7.9,82.0,88346,1.01
752,The Straight Story,1999,112,8.0,86.0,91210,6.2
753,Kind Hearts and Coronets,1949,106,8.0,Null,37708,Null
754,The Double Life of Véronique,1991,98,7.7,86.0,49300,2.0
755,Waking Life,2001,99,7.7,83.0,64659,2.89
756,The Day of the Jackal,1973,143,7.8,80.0,41546,16.06
757,The Treasure of the Sierra Madre,1948,126,8.2,98.0,125618,5.01
758,Anatomy of a Murder,1959,161,8.0,95.0,66932,11.9
759,Secrets & Lies,1996,136,8.0,91.0,43883,13.42
760,The Adventures of Robin Hood,1938,102,7.9,97.0,51573,3.98
761,Tokyo Godfathers,2003,92,7.8,73.0,41088,0.13
762,Children of Heaven,1997,89,8.2,77.0,75316,0.93
763,Yojimbo,1961,110,8.2,93.0,123571,Null
764,Wild Strawberries,1957,91,8.1,88.0,108014,Null
765,The General,1926,67,8.2,Null,92079,1.03
766,Land of Mine,2015,100,7.8,75.0,41835,0.44
767,Shadow of a Doubt,1943,108,7.8,94.0,66258,Null
768,Wait Until Dark,1967,108,7.7,81.0,31282,17.55
769,The Leopard,1963,186,8.0,100.0,26334,Null
770,Persepolis,2007,96,8.0,90.0,95458,4.45
771,The Odd Couple,1968,105,7.6,86.0,35375,44.53
772,Joint Security Area,2000,110,7.8,58.0,30908,Null
773,The Taking of Pelham One Two Three,1974,104,7.6,68.0,31369,2.49
774,Song of the Sea,2014,93,8.0,85.0,58953,0.86
775,Raatchasan,2018,170,8.3,Null,44994,Null
776,In Cold Blood,1967,134,7.9,89.0,26933,Null
777,High and Low,1963,143,8.4,90.0,45426,Null
778,The Station Agent,2003,89,7.6,81.0,71010,5.74
779,The Invisible Man,1933,71,7.6,87.0,36292,Null
780,His Girl Friday,1940,92,7.8,Null,59342,0.3
781,Shershaah,2021,135,8.4,Null,121604,Null
782,Farewell My Concubine,1993,171,8.1,83.0,29516,5.22
783,The Motorcycle Diaries,2004,126,7.8,75.0,101858,16.78
784,The Diving Bell and the Butterfly,2007,112,8.0,92.0,108059,5.99
785,Hard Boiled,1992,128,7.7,Null,51068,Null
786,Elite Squad,2007,115,8.0,33.0,104784,0.01
787,The Bride of Frankenstein,1935,75,7.8,95.0,49468,4.36
788,Z,1969,127,8.2,86.0,29191,0.08
789,"Quo Vadis, Aida?",2020,101,8.0,97.0,33831,Null
790,A Prophet,2009,155,7.8,90.0,99053,2.08
791,Philomena,2013,98,7.6,77.0,100654,37.71
792,Harvey,1950,104,7.9,Null,55997,Null
793,"Aguirre, the Wrath of God",1972,95,7.8,Null,57802,Null
794,A Woman Under the Influence,1974,155,8.1,88.0,25665,13.34
795,Happy Together,1997,96,7.7,70.0,30122,0.19
796,The Little Prince,2015,108,7.7,70.0,62711,1.34
797,Kagemusha,1980,162,7.9,84.0,36024,Null
798,L'Avventura,1960,144,7.8,Null,30235,Null
799,The Sacrifice,1986,149,7.9,Null,28670,0.3
800,Like Stars on Earth,2007,165,8.4,Null,194008,1.22
801,Underground,1995,167,8.1,79.0,58807,0.17
802,Porco Rosso,1992,94,7.7,83.0,90611,Null
803,To Be or Not to Be,1942,99,8.2,86.0,37914,Null
804,Tokyo Story,1953,136,8.2,Null,62267,Null
805,Mildred Pierce,1945,111,7.9,88.0,26334,Null
806,When Marnie Was There,2014,103,7.7,72.0,41280,0.77
807,Taste of Cherry,1997,95,7.7,80.0,31699,0.31
808,Leviathan,2014,140,7.6,92.0,53992,1.09
809,Article 15,2019,130,8.1,Null,34062,Null
810,East of Eden,1955,118,7.8,72.0,46028,Null
811,Eyes Without a Face,1960,90,7.6,90.0,32304,0.05
812,Le Samouraï,1967,101,8.0,Null,52162,0.04
813,3-Iron,2004,88,7.9,72.0,55611,0.24
814,My Sassy Girl,2001,137,8.0,Null,48543,Null
815,Sweet Smell of Success,1957,96,8.0,100.0,32753,Null
816,The Tale of The Princess Kaguya,2013,137,8.0,89.0,47375,1.51
817,Repulsion,1965,105,7.6,91.0,53901,Null
818,Night on Earth,1991,129,7.7,68.0,61268,2.02
819,The Chorus,2004,97,7.8,56.0,62876,3.64
820,Head-On,2004,121,7.9,78.0,54709,Null
821,Swades,2004,189,8.2,Null,91282,1.22
822,Once Were Warriors,1994,102,7.9,77.0,34713,2.2
823,Scarface,1932,93,7.7,87.0,28388,Null
824,Bajrangi Bhaijaan,2015,163,8.1,Null,88918,8.18
825,Andrei Rublev,1966,205,8.1,Null,54066,0.1
826,Sardar Udham,2021,164,8.4,Null,42556,Null
827,The Passion of Joan of Arc,1928,114,8.2,Null,55401,0.02
828,Brief Encounter,1945,86,8.0,92.0,40649,Null
829,The Umbrellas of Cherbourg,1964,91,7.8,86.0,28130,0.03
830,Cape Fear,1962,106,7.7,76.0,29713,Null
831,My Name Is Khan,2010,165,7.9,50.0,107830,4.02
832,White Heat,1949,114,8.1,Null,33387,Null
833,Kal Ho Naa Ho,2003,186,7.9,54.0,70026,1.79
834,The Conformist,1970,113,7.9,100.0,30981,0.54
835,Fitzcarraldo,1982,158,8.0,Null,35530,Null
836,The Kid,1921,68,8.3,Null,127023,5.45
837,The Wages of Fear,1953,131,8.2,85.0,61756,Null
838,Evil,2003,113,7.7,61.0,39146,0.02
839,Hedwig and the Angry Inch,2001,95,7.7,85.0,36020,3.03
840,The Breadwinner,2017,94,7.7,78.0,25912,0.31
841,The Red Shoes,1948,135,8.1,Null,35537,10.9
842,Lagaan: Once Upon a Time in India,2001,224,8.1,84.0,115031,0.07
843,A Man for All Seasons,1966,120,7.7,72.0,34957,28.35
844,The 39 Steps,1935,86,7.6,93.0,57689,Null
845,The Gold Rush,1925,95,8.2,Null,111998,5.45
846,Jules and Jim,1962,105,7.7,97.0,42049,Null
847,The Lady Vanishes,1938,96,7.8,98.0,53259,Null
848,Sleuth,1972,138,8.0,Null,48080,4.08
849,The Asphalt Jungle,1950,112,7.8,85.0,27751,Null
850,The Sea Inside,2004,126,8.0,74.0,82276,2.09
851,Stalag 17,1953,120,8.0,84.0,56254,Null
852,Vikram Vedha,2017,147,8.3,Null,45550,Null
853,Cowboy Bebop: The Movie,2001,115,7.8,61.0,49376,1.0
854,"Black Cat, White Cat",1998,127,8.0,73.0,54293,0.35
855,The Salesman,2016,124,7.7,85.0,60985,2.4
856,The Experiment,2001,120,7.7,60.0,94207,0.14
857,I Remember,1973,123,7.9,Null,44048,0.58
858,Dilwale Dulhania Le Jayenge,1995,181,8.0,Null,70333,Null
859,The Battle of Algiers,1966,121,8.1,96.0,60726,0.06
860,The Big Heat,1953,89,7.9,Null,27085,Null
861,Throne of Blood,1957,110,8.1,Null,52664,Null
862,Bringing Up Baby,1938,102,7.8,91.0,62115,Null
863,The Lunchbox,2013,104,7.8,76.0,56822,4.23
864,In a Lonely Place,1950,94,7.9,Null,32135,Null
865,Key Largo,1948,100,7.7,Null,41490,Null
866,Nostalghia,1983,125,8.0,Null,27498,0.01
867,Dersu Uzala,1975,142,8.2,Null,30183,Null
868,The Man Who Would Be King,1975,129,7.8,91.0,49487,Null
869,Vivre Sa Vie,1962,85,7.9,Null,32523,Null
870,Diabolique,1955,117,8.1,Null,66353,1.09
871,Pather Panchali,1955,125,8.3,Null,33438,0.54
872,The Discreet Charm of the Bourgeoisie,1972,102,7.8,93.0,43567,0.2
873,Shine,1996,105,7.6,87.0,54603,35.81
874,Adam's Apples,2005,94,7.7,51.0,51261,0.0
875,Confessions,2010,106,7.7,Null,39631,Null
876,Frost/Nixon,2008,122,7.7,80.0,108760,18.59
877,In America,2002,105,7.7,76.0,43375,15.54
878,Crimes and Misdemeanors,1989,104,7.8,77.0,58467,18.25
879,Ninja Scroll,1993,94,7.8,Null,37932,Null
880,Veer Zaara,2004,192,7.8,67.0,53727,2.92
881,Ace in the Hole,1951,111,8.1,72.0,36441,3.97
882,The Broken Circle Breakdown,2012,111,7.7,70.0,41450,0.18
883,The Innocents,1961,100,7.8,88.0,30976,2.62
884,Nobody Knows,2004,141,8.0,88.0,28455,0.68
885,Cries & Whispers,1972,91,8.0,Null,34572,1.74
886,Autumn Sonata,1978,99,8.1,Null,34830,Null
887,Winter Sleep,2014,196,8.1,88.0,52019,0.17
888,Sullivan's Travels,1941,90,7.9,Null,26697,Null
889,Wolf Children,2012,117,8.1,71.0,45383,Null
890,"Goodbye, Children",1987,104,8.0,88.0,34267,4.54
891,My Father and My Son,2005,112,8.2,Null,87165,Null
892,The Triplets of Belleville,2003,80,7.7,91.0,54849,7.0
893,Nine Queens,2000,114,7.9,80.0,53515,1.22
894,The Hidden Fortress,1958,126,8.1,89.0,39523,Null
895,The Girl Who Leapt Through Time,2006,98,7.7,Null,66893,Null
896,Dreams,1990,119,7.7,Null,26848,1.96
897,The Postman,1994,108,7.7,81.0,36891,21.85
898,Gully Boy,2019,154,7.9,65.0,40127,5.57
899,The Killer,1989,111,7.8,82.0,48840,Null
900,The Exterminating Angel,1962,95,8.0,Null,33568,Null
901,Time of the Gypsies,1988,142,8.1,Null,31052,0.28
902,Duck Soup,1933,69,7.8,93.0,60488,Null
903,Sunrise,1927,94,8.1,Null,51398,0.54
904,Le Cercle Rouge,1970,140,7.9,91.0,25826,0.37
905,Down by Law,1986,107,7.7,75.0,52142,1.44
906,The Way He Looks,2014,96,7.9,71.0,25790,0.1
907,After the Wedding,2006,120,7.7,78.0,35060,0.41
908,Ivan's Childhood,1962,95,8.0,Null,37050,Null
909,"4 Months, 3 Weeks and 2 Days",2007,113,7.9,97.0,60757,1.19
910,The Caine Mutiny,1954,124,7.7,63.0,28103,21.75
911,Beauty and the Beast,1946,93,7.9,92.0,26750,0.3
912,Inherit the Wind,1960,128,8.1,75.0,30583,Null
913,Pink,2016,136,8.1,Null,45547,1.24
914,Soorarai Pottru,2020,153,8.7,Null,116787,Null
915,Departures,2008,130,8.0,68.0,52501,1.5
916,Dil Chahta Hai,2001,183,8.1,Null,72694,0.3
917,Celda 211,2009,113,7.6,Null,68154,Null
918,The Virgin Spring,1960,89,8.1,Null,29653,1.53
919,Jab We Met,2007,138,7.9,Null,53776,0.41
920,Talvar,2015,132,8.1,Null,35778,0.34
921,Battleship Potemkin,1925,66,7.9,97.0,58261,0.05
922,About Elly,2009,119,7.9,87.0,53918,0.11
923,Munna Bhai M.B.B.S.,2003,156,8.1,Null,82700,Null
924,Uri: The Surgical Strike,2019,138,8.2,Null,64499,4.19
925,Fireworks,1997,103,7.7,Null,31035,0.23
926,Nights of Cabiria,1957,110,8.1,Null,49445,0.75
927,Elevator to the Gallows,1958,91,7.9,94.0,26174,0.11
928,Kahaani,2012,122,8.1,Null,63268,1.04
929,Raise the Red Lantern,1991,125,8.1,Null,33089,2.6
930,Sherlock Jr.,1924,45,8.2,Null,50593,0.98
931,Let's Go! India,2007,153,8.1,68.0,80912,1.11
932,Hiroshima Mon Amour,1959,90,7.9,Null,32756,0.09
933,The Magdalene Sisters,2002,114,7.7,83.0,27461,4.89
934,The Purple Rose of Cairo,1985,82,7.7,75.0,52131,10.63
935,Chhichhore,2019,143,8.3,Null,54961,0.9
936,Queen,2013,146,8.1,Null,66173,1.43
937,Ayla: The Daughter of War,2017,125,8.3,Null,40202,Null
938,Millennium Actress,2001,87,7.8,70.0,28561,0.19
939,Rang De Basanti,2006,167,8.1,Null,119390,2.2
940,The Lost Weekend,1945,101,7.9,Null,37646,9.46
941,Rififi,1955,118,8.1,97.0,34742,0.06
942,Barfi!,2012,151,8.1,Null,82577,2.8
943,Masaan,2015,109,8.1,Null,28441,Null
944,Haider,2014,160,8.0,Null,55348,0.9
945,OMG: Oh My God!,2012,125,8.1,Null,59455,0.92
946,Once Upon a Time in Anatolia,2011,157,7.8,82.0,46808,0.14
947,The Return,2003,110,7.9,82.0,45822,0.5
948,"Like Father, Like Son",2013,121,7.8,73.0,25441,0.28
949,No Man's Land,2001,98,7.9,84.0,47400,1.06
950,Knockin' on Heaven's Door,1997,87,7.9,Null,30997,0.0
951,The Grand Illusion,1937,113,8.1,Null,37012,0.17
952,La strada,1954,108,8.0,Null,63624,Null
953,Elite Squad 2: The Enemy Within,2010,115,8.0,71.0,83565,0.1
954,Jean de Florette,1986,120,8.1,Null,26150,4.94
955,A Night at the Opera,1935,96,7.8,Null,33210,2.54
956,The Rules of the Game,1939,110,7.9,Null,29365,Null
957,C.R.A.Z.Y.,2005,129,7.9,81.0,33091,Null
958,Zelig,1983,79,7.7,Null,42431,11.8
959,The Past,2013,130,7.7,85.0,49281,1.33
960,Dev.D,2009,144,7.9,Null,30959,0.01
961,Central Station,1998,110,8.0,80.0,40035,5.6
962,Love and Death,1975,85,7.7,89.0,38939,Null
963,Pad Man,2018,140,7.9,Null,26572,1.66
964,96,2018,158,8.5,Null,31627,Null
965,Through a Glass Darkly,1961,90,8.0,84.0,25669,Null
966,Super 30,2019,154,7.9,Null,32790,2.27
967,The Message,1976,177,8.1,Null,48072,Null
968,Badhaai Ho,2018,124,7.9,Null,35040,Null
969,My Life as a Zucchini,2016,70,7.7,85.0,25925,0.29
970,M.S. Dhoni: The Untold Story,2016,184,7.9,Null,59592,1.78
971,Tae Guk Gi: The Brotherhood of War,2004,140,8.0,64.0,39963,1.11
972,Tangerines,2013,87,8.1,73.0,46628,0.14
973,Sholay,1975,162,8.1,Null,56164,Null
974,Special 26,2013,144,8.0,Null,56698,1.08
975,Sanjuro,1962,96,8.0,Null,38605,Null
976,"Rome, Open City",1945,103,8.0,Null,26926,Null
977,Hera Pheri,2000,156,8.1,Null,67523,Null
978,Hindi Medium,2017,132,7.8,Null,29547,Null
979,The Edge of Heaven,2007,122,7.7,85.0,32411,0.74
980,Asuran,2019,141,8.4,Null,29806,Null
981,Bhaag Milkha Bhaag,2013,186,8.2,Null,68644,1.63
982,The Circus,1928,72,8.1,90.0,34112,Null
983,The Bandit,1996,128,8.1,Null,70302,Null
984,"Carry On, Munna Bhai",2006,144,8.0,Null,47497,2.22
985,Vicky Donor,2012,126,7.8,Null,43709,0.17
986,G.O.R.A.,2004,127,8.0,Null,63305,Null
987,Black,2005,122,8.1,Null,35170,0.73
988,Umberto D.,1952,89,8.2,92.0,26183,0.07
989,Udaan,2010,134,8.1,Null,45352,0.01
990,Baby,2015,159,7.9,Null,58146,Null
991,Vizontele,2001,110,8.0,Null,37008,Null
992,English Vinglish,2012,134,7.8,Null,36874,1.67
993,Everything's Gonna Be Great,1998,107,8.1,Null,25793,Null
994,Andaz Apna Apna,1994,160,8.0,Null,53654,Null
995,Airlift,2016,130,7.9,Null,57326,Null
996,Paan Singh Tomar,2012,135,8.2,Null,36590,0.04
997,Anand,1971,122,8.1,Null,34030,Null
998,Sarfarosh,1999,174,8.1,Null,25937,Null
999,The Breath,2009,128,8.0,Null,33972,Null
